"","determinant","lower","current","upper","weight","p_delta"
"3","Petal.Length",1,3.758,6.9,0.949034699008388,2.98186702428436
"1","Sepal.Length",4.3,5.84333333333333,7.9,0.782561231810081,1.6094676000894
"4","Petal.Width",0.1,1.19933333333333,2.5,0.956547332876403,1.24414923096124
"2","Sepal.Width",2,3.05733333333333,4.4,-0.426657560781124,-0.572858884942123
